{
    "Hospital": {
        "count": 164,
        "unique": 2,
        "top": "FJD",
        "freq": 106,
        "stability": 0.6463414634146342
    },
    "Edad": {
        "count": 164.0,
        "mean": 54.59146341463415,
        "std": 6.346646884744325,
        "min": 45.0,
        "25%": 50.0,
        "50%": 53.0,
        "75%": 59.0,
        "max": 76.0
    },
    "Sexo": {
        "count": 164,
        "unique": 2,
        "top": "HOMBRE",
        "freq": 93,
        "stability": 0.5670731707317073
    },
    "Lateralidad": {
        "count": 164,
        "unique": 2,
        "top": "DERECHA",
        "freq": 85,
        "stability": 0.5182926829268293
    },
    "Cirugia": {
        "count": 154,
        "unique": 4,
        "top": "MENISECTOMIA",
        "freq": 106,
        "stability": 0.6883116883116883
    },
    "Traumatica": {
        "count": 116,
        "unique": 2,
        "top": "NO",
        "freq": 100,
        "stability": 0.8620689655172413
    },
    "Dolor Interlinea": {
        "count": 117,
        "unique": 2,
        "top": "SI",
        "freq": 97,
        "stability": 0.8290598290598291
    },
    "MCMurray": {
        "count": 113,
        "unique": 3,
        "top": "SI",
        "freq": 92,
        "stability": 0.8141592920353983
    },
    "IMC": {
        "count": 143.0,
        "mean": 27.343846153846165,
        "std": 3.958238319743139,
        "min": 16.28,
        "25%": 24.884999999999998,
        "50%": 27.34,
        "75%": 30.134999999999998,
        "max": 37.1
    },
    "HTA": {
        "count": 161,
        "unique": 2,
        "top": "NO",
        "freq": 123,
        "stability": 0.7639751552795031
    },
    "C. Isquemica": {
        "count": 162,
        "unique": 2,
        "top": "NO",
        "freq": 158,
        "stability": 0.9753086419753086
    },
    "Arritmia": {
        "count": 162,
        "unique": 2,
        "top": "NO",
        "freq": 158,
        "stability": 0.9753086419753086
    },
    "Dislipemia": {
        "count": 161,
        "unique": 2,
        "top": "NO",
        "freq": 128,
        "stability": 0.7950310559006211
    },
    "Anticoagulacion": {
        "count": 162,
        "unique": 2,
        "top": "NO",
        "freq": 157,
        "stability": 0.9691358024691358
    },
    "Fumador": {
        "count": 162,
        "unique": 2,
        "top": "NO",
        "freq": 132,
        "stability": 0.8148148148148148
    },
    "DM": {
        "count": 162,
        "unique": 2,
        "top": "NO",
        "freq": 150,
        "stability": 0.9259259259259259
    },
    "Insulina": {
        "count": 162,
        "unique": 2,
        "top": "NO",
        "freq": 159,
        "stability": 0.9814814814814815
    },
    "Cancer": {
        "count": 162,
        "unique": 2,
        "top": "NO",
        "freq": 159,
        "stability": 0.9814814814814815
    },
    "Insuficiencia renal": {
        "count": 162,
        "unique": 2,
        "top": "NO",
        "freq": 161,
        "stability": 0.9938271604938271
    },
    "SAOS": {
        "count": 162,
        "unique": 2,
        "top": "NO",
        "freq": 159,
        "stability": 0.9814814814814815
    },
    "Parkinson": {
        "count": 162,
        "unique": 1,
        "top": "NO",
        "freq": 162,
        "stability": 1.0
    },
    "Sd. Ansioso depresivo": {
        "count": 162,
        "unique": 2,
        "top": "NO",
        "freq": 153,
        "stability": 0.9444444444444444
    },
    "Fibromialgia": {
        "count": 162,
        "unique": 2,
        "top": "NO",
        "freq": 161,
        "stability": 0.9938271604938271
    },
    "Cirugia Previa LCA": {
        "count": 162,
        "unique": 1,
        "top": "NO",
        "freq": 162,
        "stability": 1.0
    },
    "Cirugia Previa Meniscal": {
        "count": 162,
        "unique": 2,
        "top": "NO",
        "freq": 154,
        "stability": 0.9506172839506173
    },
    "Espacio Intraarticular (mm)": {
        "count": 131,
        "unique": 78,
        "top": "6",
        "freq": 16
    },
    "Esclerosis subcondral": {
        "count": 120,
        "unique": 2,
        "top": "SI",
        "freq": 69,
        "stability": 0.575
    },
    "Osteofito": {
        "count": 116,
        "unique": 2,
        "top": "NO",
        "freq": 97,
        "stability": 0.8362068965517241
    },
    "Genu varo": {
        "count": 164,
        "unique": 2,
        "top": "NO",
        "freq": 95,
        "stability": 0.5792682926829268
    },
    "Angulo Genu Varo": {
        "count": 164.0,
        "mean": 1.4037804878048779,
        "std": 2.218839657098145,
        "min": 0.0,
        "25%": 0.0,
        "50%": 0.0,
        "75%": 2.4124999999999996,
        "max": 11.0
    },
    "Genu valgo": {
        "count": 56,
        "unique": 2,
        "top": "NO",
        "freq": 38,
        "stability": 0.6785714285714286
    },
    "Angulo Genu Valgo": {
        "count": 18.0,
        "mean": 6.263333333333334,
        "std": 2.683450368900633,
        "min": 2.75,
        "25%": 4.475,
        "50%": 6.245,
        "75%": 6.855,
        "max": 13.0
    },
    "Kellgren": {
        "count": 164.0,
        "mean": 0.6280487804878049,
        "std": 0.7191976426126608,
        "min": 0.0,
        "25%": 0.0,
        "50%": 0.5,
        "75%": 1.0,
        "max": 3.0
    },
    "Lateralidad 2": {
        "count": 160,
        "unique": 9,
        "top": "INTERNO",
        "freq": 82,
        "stability": 0.5125
    },
    "Tipo de Rotura": {
        "count": 155,
        "unique": 8,
        "top": "COMPLEJA",
        "freq": 51,
        "stability": 0.32903225806451614
    },
    "Zona": {
        "count": 152,
        "unique": 4,
        "top": "CUERNO POSTERIOR",
        "freq": 99,
        "stability": 0.6513157894736842
    },
    "Raiz Meniscal": {
        "count": 154,
        "unique": 2,
        "top": "NO",
        "freq": 117,
        "stability": 0.7597402597402597
    },
    "Extrusion": {
        "count": 137,
        "unique": 79,
        "top": "0",
        "freq": 37
    },
    "Edema Oseo": {
        "count": 145,
        "unique": 2,
        "top": "NO",
        "freq": 98,
        "stability": 0.6758620689655173
    },
    "Zona.1": {
        "count": 46,
        "unique": 5,
        "top": "CONDILO",
        "freq": 20,
        "stability": 0.43478260869565216
    },
    "tipo edema": {
        "count": 43,
        "unique": 5,
        "top": "EDGE",
        "freq": 26,
        "stability": 0.6046511627906976
    },
    "Condropatia": {
        "count": 158,
        "unique": 2,
        "top": "SI",
        "freq": 119,
        "stability": 0.7531645569620253
    },
    "Grado": {
        "count": 164.0,
        "mean": 1.9939024390243902,
        "std": 1.4196126284882586,
        "min": 0.0,
        "25%": 0.0,
        "50%": 2.0,
        "75%": 3.0,
        "max": 4.0
    },
    "Condropatia Femoropatelar": {
        "count": 159,
        "unique": 2,
        "top": "SI",
        "freq": 97,
        "stability": 0.610062893081761
    },
    "LCA": {
        "count": 158,
        "unique": 2,
        "top": "NO",
        "freq": 151,
        "stability": 0.9556962025316456
    },
    "Quiste baker": {
        "count": 157,
        "unique": 2,
        "top": "NO",
        "freq": 110,
        "stability": 0.7006369426751592
    },
    "Quiste parameniscal": {
        "count": 157,
        "unique": 2,
        "top": "NO",
        "freq": 141,
        "stability": 0.8980891719745223
    },
    "lysholm score post": {
        "count": 164.0,
        "mean": 71.32317073170732,
        "std": 23.71790656287509,
        "min": 16.0,
        "25%": 54.5,
        "50%": 75.0,
        "75%": 93.0,
        "max": 100.0
    }
}