{
    "Hospital": {
        "count": 146,
        "unique": 2,
        "top": "FJD",
        "freq": 88,
        "stability": 0.6027397260273972
    },
    "Edad": {
        "count": 145.0,
        "mean": 54.62758620689655,
        "std": 5.998778611316327,
        "min": 45.0,
        "25%": 50.0,
        "50%": 54.0,
        "75%": 59.0,
        "max": 70.0
    },
    "Sexo": {
        "count": 145,
        "unique": 3,
        "top": "HOMBRE",
        "freq": 85,
        "stability": 0.5862068965517241
    },
    "Lateralidad": {
        "count": 145,
        "unique": 2,
        "top": "DERECHA",
        "freq": 76,
        "stability": 0.5241379310344828
    },
    "Cirugia": {
        "count": 136,
        "unique": 7,
        "top": "MENISECTOMIA PARCIAL",
        "freq": 92,
        "stability": 0.6764705882352942
    },
    "Traumatica": {
        "count": 99,
        "unique": 2,
        "top": "NO",
        "freq": 86,
        "stability": 0.8686868686868687
    },
    "Dolor Interlinea": {
        "count": 100,
        "unique": 2,
        "top": "SI",
        "freq": 86,
        "stability": 0.86
    },
    "MCMurray": {
        "count": 97,
        "unique": 3,
        "top": "SI",
        "freq": 80,
        "stability": 0.8247422680412371
    },
    "IMC": {
        "count": 125.0,
        "mean": 27.45504,
        "std": 3.875185661317069,
        "min": 16.28,
        "25%": 25.0,
        "50%": 27.34,
        "75%": 30.08,
        "max": 37.1
    },
    "HTA": {
        "count": 146,
        "unique": 2,
        "top": "NO",
        "freq": 108,
        "stability": 0.7397260273972602
    },
    "C. Isquemica": {
        "count": 146,
        "unique": 2,
        "top": "NO",
        "freq": 142,
        "stability": 0.9726027397260274
    },
    "Arritmia": {
        "count": 146,
        "unique": 2,
        "top": "NO",
        "freq": 143,
        "stability": 0.9794520547945206
    },
    "Dislipemia": {
        "count": 145,
        "unique": 2,
        "top": "NO",
        "freq": 113,
        "stability": 0.7793103448275862
    },
    "Anticoagulacion": {
        "count": 146,
        "unique": 2,
        "top": "NO",
        "freq": 142,
        "stability": 0.9726027397260274
    },
    "Fumador": {
        "count": 146,
        "unique": 2,
        "top": "NO",
        "freq": 120,
        "stability": 0.821917808219178
    },
    "DM": {
        "count": 146,
        "unique": 2,
        "top": "NO",
        "freq": 134,
        "stability": 0.9178082191780822
    },
    "Insulina": {
        "count": 146,
        "unique": 2,
        "top": "NO",
        "freq": 143,
        "stability": 0.9794520547945206
    },
    "Cancer": {
        "count": 146,
        "unique": 2,
        "top": "NO",
        "freq": 143,
        "stability": 0.9794520547945206
    },
    "Insuficiencia renal": {
        "count": 146,
        "unique": 2,
        "top": "NO",
        "freq": 145,
        "stability": 0.9931506849315068
    },
    "SAOS": {
        "count": 146,
        "unique": 2,
        "top": "NO",
        "freq": 143,
        "stability": 0.9794520547945206
    },
    "Parkinson": {
        "count": 146,
        "unique": 1,
        "top": "NO",
        "freq": 146,
        "stability": 1.0
    },
    "Sd. Ansioso depresivo": {
        "count": 146,
        "unique": 2,
        "top": "NO",
        "freq": 138,
        "stability": 0.9452054794520548
    },
    "Fibromialgia": {
        "count": 146,
        "unique": 2,
        "top": "NO",
        "freq": 145,
        "stability": 0.9931506849315068
    },
    "Cirugia Previa LCA": {
        "count": 146,
        "unique": 1,
        "top": "NO",
        "freq": 146,
        "stability": 1.0
    },
    "Cirugia Previa Meniscal": {
        "count": 146,
        "unique": 2,
        "top": "NO",
        "freq": 141,
        "stability": 0.9657534246575342
    },
    "Espacio Intraarticular (mm)": {
        "count": 117.0,
        "mean": 4.754957264957263,
        "std": 1.7361772434206613,
        "min": 0.0,
        "25%": 4.04,
        "50%": 5.0,
        "75%": 6.0,
        "max": 8.6
    },
    "Esclerosis subcondral": {
        "count": 112,
        "unique": 2,
        "top": "SI",
        "freq": 65,
        "stability": 0.5803571428571429
    },
    "Osteofito": {
        "count": 110,
        "unique": 2,
        "top": "NO",
        "freq": 92,
        "stability": 0.8363636363636363
    },
    "Genu varo": {
        "count": 146,
        "unique": 2,
        "top": "NO",
        "freq": 81,
        "stability": 0.5547945205479452
    },
    "Angulo Genu Varo": {
        "count": 146.0,
        "mean": 1.4983561643835617,
        "std": 2.295308266396765,
        "min": 0.0,
        "25%": 0.0,
        "50%": 0.0,
        "75%": 2.98,
        "max": 11.0
    },
    "Genu valgo": {
        "count": 54,
        "unique": 2,
        "top": "NO",
        "freq": 36,
        "stability": 0.6666666666666666
    },
    "Angulo Genu Valgo": {
        "count": 18.0,
        "mean": 6.263333333333334,
        "std": 2.683450368900633,
        "min": 2.75,
        "25%": 4.475,
        "50%": 6.245,
        "75%": 6.855,
        "max": 13.0
    },
    "Kellgren": {
        "count": 146.0,
        "mean": 0.6712328767123288,
        "std": 0.7154414026087946,
        "min": 0.0,
        "25%": 0.0,
        "50%": 1.0,
        "75%": 1.0,
        "max": 3.0
    },
    "Lateralidad 2": {
        "count": 143,
        "unique": 8,
        "top": "INTERNO",
        "freq": 69,
        "stability": 0.4825174825174825
    },
    "Tipo de Rotura": {
        "count": 141,
        "unique": 9,
        "top": "COMPLEJA",
        "freq": 49,
        "stability": 0.3475177304964539
    },
    "Zona": {
        "count": 139,
        "unique": 4,
        "top": "CUERNO POSTERIOR",
        "freq": 92,
        "stability": 0.6618705035971223
    },
    "Raiz Meniscal": {
        "count": 137,
        "unique": 2,
        "top": "NO",
        "freq": 105,
        "stability": 0.7664233576642335
    },
    "Extrusion": {
        "count": 130.0,
        "mean": 2.224153846153846,
        "std": 1.7945826249725334,
        "min": 0.0,
        "25%": 0.0,
        "50%": 2.315,
        "75%": 3.4725,
        "max": 6.54
    },
    "Edema Oseo": {
        "count": 129,
        "unique": 2,
        "top": "NO",
        "freq": 85,
        "stability": 0.6589147286821705
    },
    "Zona.1": {
        "count": 45,
        "unique": 5,
        "top": "CONDILO",
        "freq": 20,
        "stability": 0.4444444444444444
    },
    "tipo edema": {
        "count": 42,
        "unique": 5,
        "top": "EDGE",
        "freq": 26,
        "stability": 0.6190476190476191
    },
    "Condropatia": {
        "count": 140,
        "unique": 2,
        "top": "SI",
        "freq": 107,
        "stability": 0.7642857142857142
    },
    "Grado": {
        "count": 146.0,
        "mean": 2.006849315068493,
        "std": 1.41419686159472,
        "min": 0.0,
        "25%": 0.0,
        "50%": 2.0,
        "75%": 3.0,
        "max": 4.0
    },
    "Condropatia Femoropatelar": {
        "count": 144,
        "unique": 2,
        "top": "SI",
        "freq": 87,
        "stability": 0.6041666666666666
    },
    "LCA": {
        "count": 142,
        "unique": 2,
        "top": "NO",
        "freq": 137,
        "stability": 0.9647887323943662
    },
    "Quiste baker": {
        "count": 141,
        "unique": 2,
        "top": "NO",
        "freq": 96,
        "stability": 0.6808510638297872
    },
    "Quiste parameniscal": {
        "count": 141,
        "unique": 2,
        "top": "NO",
        "freq": 125,
        "stability": 0.8865248226950354
    },
    "lysholm score post": {
        "count": 146.0,
        "mean": 72.45890410958904,
        "std": 23.643655331006485,
        "min": 16.0,
        "25%": 55.0,
        "50%": 79.0,
        "75%": 95.0,
        "max": 100.0
    }
}