{
    "Unnamed: 0.1": {
        "count": 4998.0,
        "mean": 81.58483393357344,
        "std": 47.226298818163514,
        "min": 0.0,
        "25%": 41.0,
        "50%": 82.0,
        "75%": 121.0,
        "max": 163.0
    },
    "Hospital": {
        "count": 5000,
        "unique": 2,
        "top": "FJD",
        "freq": 3236,
        "stability": 0.6472
    },
    "Edad": {
        "count": 5000.0,
        "mean": 54.1922,
        "std": 5.948103491620604,
        "min": 45.0,
        "25%": 50.0,
        "50%": 53.0,
        "75%": 58.0,
        "max": 76.0
    },
    "Sexo": {
        "count": 4999,
        "unique": 2,
        "top": "HOMBRE",
        "freq": 2982,
        "stability": 0.5965193038607721
    },
    "Lateralidad": {
        "count": 4999,
        "unique": 2,
        "top": "IZQUIERDA",
        "freq": 2526,
        "stability": 0.5053010602120425
    },
    "Cirugia": {
        "count": 4693,
        "unique": 4,
        "top": "MENISECTOMIA",
        "freq": 3410,
        "stability": 0.7266141061154912
    },
    "Traumatica": {
        "count": 3481,
        "unique": 2,
        "top": "NO",
        "freq": 3007,
        "stability": 0.8638322321172077
    },
    "Dolor Interlinea": {
        "count": 3255,
        "unique": 2,
        "top": "SI",
        "freq": 2726,
        "stability": 0.8374807987711214
    },
    "MCMurray": {
        "count": 3344,
        "unique": 3,
        "top": "SI",
        "freq": 2604,
        "stability": 0.7787081339712919
    },
    "IMC": {
        "count": 4423.0,
        "mean": 27.42876328283978,
        "std": 3.9154933104430443,
        "min": 16.28,
        "25%": 24.82,
        "50%": 27.34,
        "75%": 30.48,
        "max": 37.1
    },
    "HTA": {
        "count": 4914,
        "unique": 2,
        "top": "NO",
        "freq": 3538,
        "stability": 0.71998371998372
    },
    "C. Isquemica": {
        "count": 4943,
        "unique": 2,
        "top": "NO",
        "freq": 4804,
        "stability": 0.9718794254501315
    },
    "Arritmia": {
        "count": 4943,
        "unique": 2,
        "top": "NO",
        "freq": 4823,
        "stability": 0.9757232449929193
    },
    "Dislipemia": {
        "count": 4925,
        "unique": 2,
        "top": "NO",
        "freq": 3848,
        "stability": 0.7813197969543147
    },
    "Anticoagulacion": {
        "count": 4942,
        "unique": 2,
        "top": "NO",
        "freq": 4752,
        "stability": 0.961554026709834
    },
    "Fumador": {
        "count": 4944,
        "unique": 2,
        "top": "NO",
        "freq": 3968,
        "stability": 0.8025889967637541
    },
    "DM": {
        "count": 4986,
        "unique": 2,
        "top": "NO",
        "freq": 4627,
        "stability": 0.9279983955074208
    },
    "Insulina": {
        "count": 4987,
        "unique": 2,
        "top": "NO",
        "freq": 4897,
        "stability": 0.9819530780028073
    },
    "Cancer": {
        "count": 4943,
        "unique": 2,
        "top": "NO",
        "freq": 4841,
        "stability": 0.9793647582439814
    },
    "Insuficiencia renal": {
        "count": 4943,
        "unique": 2,
        "top": "NO",
        "freq": 4912,
        "stability": 0.9937285049565041
    },
    "SAOS": {
        "count": 4944,
        "unique": 2,
        "top": "NO",
        "freq": 4858,
        "stability": 0.9826051779935275
    },
    "Parkinson": {
        "count": 4984,
        "unique": 1,
        "top": "NO",
        "freq": 4984,
        "stability": 1.0
    },
    "Sd. Ansioso depresivo": {
        "count": 4944,
        "unique": 2,
        "top": "NO",
        "freq": 4655,
        "stability": 0.9415453074433657
    },
    "Fibromialgia": {
        "count": 4948,
        "unique": 2,
        "top": "NO",
        "freq": 4922,
        "stability": 0.9947453516572352
    },
    "Cirugia Previa LCA": {
        "count": 4985,
        "unique": 1,
        "top": "NO",
        "freq": 4985,
        "stability": 1.0
    },
    "Cirugia Previa Meniscal": {
        "count": 4985,
        "unique": 2,
        "top": "NO",
        "freq": 4675,
        "stability": 0.9378134403209629
    },
    "Espacio Intraarticular (mm)": {
        "count": 3955,
        "unique": 209,
        "top": "6",
        "freq": 580
    },
    "Esclerosis subcondral": {
        "count": 4027,
        "unique": 2,
        "top": "SI",
        "freq": 2360,
        "stability": 0.5860442016389372
    },
    "Osteofito": {
        "count": 3926,
        "unique": 2,
        "top": "NO",
        "freq": 2906,
        "stability": 0.7401935812531839
    },
    "Genu varo": {
        "count": 5000,
        "unique": 2,
        "top": "NO",
        "freq": 2962,
        "stability": 0.5924
    },
    "Angulo Genu Varo": {
        "count": 5000.0,
        "mean": 1.4713739999999986,
        "std": 2.2765950340615064,
        "min": 0.0,
        "25%": 0.0,
        "50%": 0.0,
        "75%": 3.0,
        "max": 11.0
    },
    "Genu valgo": {
        "count": 1624,
        "unique": 2,
        "top": "NO",
        "freq": 1120,
        "stability": 0.6896551724137931
    },
    "Angulo Genu Valgo": {
        "count": 505.0,
        "mean": 6.202297029702984,
        "std": 2.5081247878207424,
        "min": 2.75,
        "25%": 4.3,
        "50%": 6.09,
        "75%": 6.86,
        "max": 13.0
    },
    "Kellgren": {
        "count": 5000.0,
        "mean": 0.739,
        "std": 0.7920886824694282,
        "min": 0.0,
        "25%": 0.0,
        "50%": 1.0,
        "75%": 1.0,
        "max": 3.0
    },
    "Lateralidad 2": {
        "count": 4933,
        "unique": 9,
        "top": "INTERNO",
        "freq": 2275,
        "stability": 0.4611798094465842
    },
    "Tipo de Rotura": {
        "count": 4935,
        "unique": 8,
        "top": "COMPLEJA",
        "freq": 1907,
        "stability": 0.38642350557244176
    },
    "Zona": {
        "count": 4878,
        "unique": 4,
        "top": "CUERNO POSTERIOR",
        "freq": 3004,
        "stability": 0.6158261582615826
    },
    "Raiz Meniscal": {
        "count": 4794,
        "unique": 2,
        "top": "NO",
        "freq": 3448,
        "stability": 0.719232373800584
    },
    "Extrusion": {
        "count": 4192,
        "unique": 172,
        "top": "0",
        "freq": 1249
    },
    "Edema Oseo": {
        "count": 4366,
        "unique": 2,
        "top": "NO",
        "freq": 3059,
        "stability": 0.7006413192853871
    },
    "Zona.1": {
        "count": 1257,
        "unique": 5,
        "top": "CONDILO",
        "freq": 622,
        "stability": 0.49482895783611774
    },
    "tipo edema": {
        "count": 1221,
        "unique": 5,
        "top": "EDGE",
        "freq": 808,
        "stability": 0.6617526617526618
    },
    "Condropatia": {
        "count": 4888,
        "unique": 2,
        "top": "SI",
        "freq": 3679,
        "stability": 0.7526595744680851
    },
    "Grado": {
        "count": 5000.0,
        "mean": 2.0187,
        "std": 1.3832508762322504,
        "min": 0.0,
        "25%": 0.0,
        "50%": 2.0,
        "75%": 3.0,
        "max": 4.0
    },
    "Condropatia Femoropatelar": {
        "count": 4967,
        "unique": 2,
        "top": "SI",
        "freq": 3308,
        "stability": 0.6659955707670626
    },
    "LCA": {
        "count": 4813,
        "unique": 2,
        "top": "NO",
        "freq": 4544,
        "stability": 0.9441097028880117
    },
    "Quiste baker": {
        "count": 4920,
        "unique": 2,
        "top": "NO",
        "freq": 3330,
        "stability": 0.676829268292683
    },
    "Quiste parameniscal": {
        "count": 4755,
        "unique": 2,
        "top": "NO",
        "freq": 4177,
        "stability": 0.8784437434279706
    },
    "lysholm score post": {
        "count": 4997.0,
        "mean": 71.61797078246948,
        "std": 23.747882237651613,
        "min": 16.0,
        "25%": 53.0,