{
    "Hospital": {
        "count": 5000,
        "unique": 2,
        "top": "FJD",
        "freq": 2860,
        "stability": 0.572
    },
    "Edad": {
        "count": 5000.0,
        "mean": 54.4242,
        "std": 5.611822597924334,
        "min": 45.0,
        "25%": 50.0,
        "50%": 53.0,
        "75%": 58.0,
        "max": 70.0
    },
    "Sexo": {
        "count": 4986,
        "unique": 2,
        "top": "HOMBRE",
        "freq": 2855,
        "stability": 0.5726032892097874
    },
    "Lateralidad": {
        "count": 4992,
        "unique": 2,
        "top": "DERECHA",
        "freq": 2517,
        "stability": 0.5042067307692307
    },
    "Cirugia": {
        "count": 3608,
        "unique": 4,
        "top": "MENISECTOMIA PARCIAL",
        "freq": 2613,
        "stability": 0.7242239467849224
    },
    "Traumatica": {
        "count": 2100,
        "unique": 2,
        "top": "NO",
        "freq": 1751,
        "stability": 0.8338095238095238
    },
    "Dolor Interlinea": {
        "count": 2135,
        "unique": 2,
        "top": "SI",
        "freq": 1939,
        "stability": 0.9081967213114754
    },
    "MCMurray": {
        "count": 2036,
        "unique": 3,
        "top": "SI",
        "freq": 1774,
        "stability": 0.8713163064833006
    },
    "IMC": {
        "count": 4215.0,
        "mean": 27.205729537366466,
        "std": 3.7679719993727447,
        "min": 16.28,
        "25%": 24.865000000000002,
        "50%": 27.2,
        "75%": 29.77,
        "max": 37.1
    },
    "HTA": {
        "count": 5000,
        "unique": 2,
        "top": "NO",
        "freq": 3980,
        "stability": 0.796
    },
    "C. Isquemica": {
        "count": 5000,
        "unique": 2,
        "top": "NO",
        "freq": 4948,
        "stability": 0.9896
    },
    "Arritmia": {
        "count": 5000,
        "unique": 2,
        "top": "NO",
        "freq": 4965,
        "stability": 0.993
    },
    "Dislipemia": {
        "count": 4984,
        "unique": 2,
        "top": "NO",
        "freq": 4140,
        "stability": 0.8306581059390048
    },
    "Anticoagulacion": {
        "count": 5000,
        "unique": 2,
        "top": "NO",
        "freq": 4946,
        "stability": 0.9892
    },
    "Fumador": {
        "count": 5000,
        "unique": 2,
        "top": "NO",
        "freq": 4379,
        "stability": 0.8758
    },
    "DM": {
        "count": 5000,
        "unique": 2,
        "top": "NO",
        "freq": 4794,
        "stability": 0.9588
    },
    "Insulina": {
        "count": 5000,
        "unique": 2,
        "top": "NO",
        "freq": 4978,
        "stability": 0.9956
    },
    "Cancer": {
        "count": 5000,
        "unique": 2,
        "top": "NO",
        "freq": 4940,
        "stability": 0.988
    },
    "Insuficiencia renal": {
        "count": 5000,
        "unique": 2,
        "top": "NO",
        "freq": 4988,
        "stability": 0.9976
    },
    "SAOS": {
        "count": 4999,
        "unique": 2,
        "top": "NO",
        "freq": 4913,
        "stability": 0.9827965593118624
    },
    "Parkinson": {
        "count": 5000,
        "unique": 1,
        "top": "NO",
        "freq": 5000,
        "stability": 1.0
    },
    "Sd. Ansioso depresivo": {
        "count": 5000,
        "unique": 2,
        "top": "NO",
        "freq": 4815,
        "stability": 0.963
    },
    "Fibromialgia": {
        "count": 5000,
        "unique": 2,
        "top": "NO",
        "freq": 4986,
        "stability": 0.9972
    },
    "Cirugia Previa LCA": {
        "count": 5000,
        "unique": 1,
        "top": "NO",
        "freq": 5000,
        "stability": 1.0
    },
    "Cirugia Previa Meniscal": {
        "count": 5000,
        "unique": 2,
        "top": "NO",
        "freq": 4921,
        "stability": 0.9842
    },
    "Espacio Intraarticular (mm)": {
        "count": 4032.0,
        "mean": 4.894020337301588,
        "std": 1.5569536828726949,
        "min": 0.0,
        "25%": 4.1,
        "50%": 5.05,
        "75%": 6.0,
        "max": 8.6
    },
    "Esclerosis subcondral": {
        "count": 4118,
        "unique": 2,
        "top": "SI",
        "freq": 2459,
        "stability": 0.5971345313258863
    },
    "Osteofito": {
        "count": 4005,
        "unique": 2,
        "top": "NO",
        "freq": 3489,
        "stability": 0.8711610486891386
    },
    "Genu varo": {
        "count": 3507,
        "unique": 2,
        "top": "SI",
        "freq": 2560,
        "stability": 0.7299686341602509
    },
    "Angulo 1": {
        "count": 2409,
        "unique": 238,
        "top": "6",
        "freq": 187
    },
    "Genu valgo": {
        "count": 1633,
        "unique": 2,
        "top": "NO",
        "freq": 1175,
        "stability": 0.7195345988977342
    },
    "Angulo": {
        "count": 575.0,
        "mean": 6.045321739130431,
        "std": 1.2048574130786711,
        "min": 2.75,
        "25%": 5.375,
        "50%": 6.2,
        "75%": 6.84,
        "max": 13.0
    },
    "Kellgren": {
        "count": 3782.0,
        "mean": 0.9056054997355897,
        "std": 0.6743302462335163,
        "min": 0.0,
        "25%": 0.0,
        "50%": 1.0,
        "75%": 1.0,
        "max": 3.0
    },
    "Lateralidad 2": {
        "count": 4922,
        "unique": 8,
        "top": "INTERNO",
        "freq": 2387,
        "stability": 0.48496546119463635
    },
    "Tipo de Rotura": {
        "count": 4868,
        "unique": 9,
        "top": "COMPLEJA",
        "freq": 1645,
        "stability": 0.3379211175020542
    },
    "Zona Menisco": {
        "count": 4855,
        "unique": 4,
        "top": "CUERNO POSTERIOR",
        "freq": 3129,
        "stability": 0.6444902162718846
    },
    "Raiz Meniscal": {
        "count": 4744,
        "unique": 2,
        "top": "NO",
        "freq": 3664,
        "stability": 0.7723440134907251
    },
    "Extrusion": {
        "count": 4558.0,
        "mean": 2.2732865291794617,
        "std": 1.725470843234416,
        "min": 0.0,
        "25%": 0.5825,
        "50%": 2.21,
        "75%": 3.48,
        "max": 6.54
    },
    "Edema Oseo": {
        "count": 4486,
        "unique": 2,
        "top": "NO",
        "freq": 2938,
        "stability": 0.6549264378065092
    },
    "Zona": {
        "count": 1155,
        "unique": 5,
        "top": "CONDILO",
        "freq": 530,
        "stability": 0.4588744588744589
    },
    "tipo edema": {
        "count": 1070,
        "unique": 5,
        "top": "EDGE",
        "freq": 790,
        "stability": 0.7383177570093458
    },
    "Condropatia": {
        "count": 4838,
        "unique": 2,
        "top": "SI",
        "freq": 3762,
        "stability": 0.7775940471269119
    },
    "Grado": {
        "count": 3448.0,
        "mean": 2.8206496519721598,
        "std": 0.7339481845218957,
        "min": 1.0,
        "25%": 2.0,
        "50%": 3.0,
        "75%": 3.2,
        "max": 4.0
    },
    "Condropatia Femoropatelar": {
        "count": 4965,
        "unique": 2,
        "top": "SI",
        "freq": 2899,
        "stability": 0.5838872104733132
    },
    "LCA": {
        "count": 4898,
        "unique": 2,
        "top": "NO",
        "freq": 4806,
        "stability": 0.9812168231931401
    },
    "Quiste baker": {
        "count": 4819,
        "unique": 2,
        "top": "NO",
        "freq": 3571,
        "stability": 0.7410251089437643
    },
    "Quiste parameniscal": {
        "count": 4838,
        "unique": 2,
        "top": "NO",
        "freq": 4520,
        "stability": 0.9342703596527491
    },
    "lysholm score post": {
        "count": 5000.0,
        "mean": 71.9788,
        "std": 21.014163546853677,
        "min": 16.0,
        "25%": 60.0,
        "50%": 75.0,
        "75%": 90.0,
        "max": 100.0
    }
}