{
    "Hospital": {
        "count": 142,
        "unique": 2,
        "top": "FJD",
        "freq": 84,
        "stability": 0.5915492957746479
    },
    "Edad": {
        "count": 141.0,
        "mean": 54.765957446808514,
        "std": 5.957754008579719,
        "min": 45.0,
        "25%": 50.0,
        "50%": 54.0,
        "75%": 59.0,
        "max": 70.0
    },
    "Sexo": {
        "count": 141,
        "unique": 2,
        "top": "HOMBRE",
        "freq": 85,
        "stability": 0.6028368794326241
    },
    "Lateralidad": {
        "count": 141,
        "unique": 2,
        "top": "DERECHA",
        "freq": 74,
        "stability": 0.524822695035461
    },
    "Cirugia": {
        "count": 110,
        "unique": 4,
        "top": "MENISECTOMIA PARCIAL",
        "freq": 80,
        "stability": 0.7272727272727273
    },
    "Traumatica": {
        "count": 64,
        "unique": 2,
        "top": "NO",
        "freq": 53,
        "stability": 0.828125
    },
    "Dolor Interlinea": {
        "count": 65,
        "unique": 2,
        "top": "SI",
        "freq": 58,
        "stability": 0.8923076923076924
    },
    "MCMurray": {
        "count": 62,
        "unique": 3,
        "top": "SI",
        "freq": 53,
        "stability": 0.8548387096774194
    },
    "IMC": {
        "count": 121.0,
        "mean": 27.531322314049593,
        "std": 3.8958372960012837,
        "min": 16.28,
        "25%": 25.0,
        "50%": 27.36,
        "75%": 30.19,
        "max": 37.1
    },
    "HTA": {
        "count": 142,
        "unique": 2,
        "top": "NO",
        "freq": 105,
        "stability": 0.7394366197183099
    },
    "C. Isquemica": {
        "count": 142,
        "unique": 2,
        "top": "NO",
        "freq": 138,
        "stability": 0.971830985915493
    },
    "Arritmia": {
        "count": 142,
        "unique": 2,
        "top": "NO",
        "freq": 139,
        "stability": 0.9788732394366197
    },
    "Dislipemia": {
        "count": 141,
        "unique": 2,
        "top": "NO",
        "freq": 109,
        "stability": 0.7730496453900709
    },
    "Anticoagulacion": {
        "count": 142,
        "unique": 2,
        "top": "NO",
        "freq": 138,
        "stability": 0.971830985915493
    },
    "Fumador": {
        "count": 142,
        "unique": 2,
        "top": "NO",
        "freq": 116,
        "stability": 0.8169014084507042
    },
    "DM": {
        "count": 142,
        "unique": 2,
        "top": "NO",
        "freq": 131,
        "stability": 0.9225352112676056
    },
    "Insulina": {
        "count": 142,
        "unique": 2,
        "top": "NO",
        "freq": 140,
        "stability": 0.9859154929577465
    },
    "Cancer": {
        "count": 142,
        "unique": 2,
        "top": "NO",
        "freq": 139,
        "stability": 0.9788732394366197
    },
    "Insuficiencia renal": {
        "count": 142,
        "unique": 2,
        "top": "NO",
        "freq": 141,
        "stability": 0.9929577464788732
    },
    "SAOS": {
        "count": 142,
        "unique": 2,
        "top": "NO",
        "freq": 139,
        "stability": 0.9788732394366197
    },
    "Parkinson": {
        "count": 142,
        "unique": 1,
        "top": "NO",
        "freq": 142,
        "stability": 1.0
    },
    "Sd. Ansioso depresivo": {
        "count": 142,
        "unique": 2,
        "top": "NO",
        "freq": 134,
        "stability": 0.9436619718309859
    },
    "Fibromialgia": {
        "count": 142,
        "unique": 2,
        "top": "NO",
        "freq": 141,
        "stability": 0.9929577464788732
    },
    "Cirugia Previa LCA": {
        "count": 142,
        "unique": 1,
        "top": "NO",
        "freq": 142,
        "stability": 1.0
    },
    "Cirugia Previa Meniscal": {
        "count": 142,
        "unique": 2,
        "top": "NO",
        "freq": 138,
        "stability": 0.971830985915493
    },
    "Espacio Intraarticular (mm)": {
        "count": 115.0,
        "mean": 4.742782608695652,
        "std": 1.7488354761102904,
        "min": 0.0,
        "25%": 4.02,
        "50%": 5.0,
        "75%": 6.0,
        "max": 8.6
    },
    "Esclerosis subcondral": {
        "count": 110,
        "unique": 2,
        "top": "SI",
        "freq": 64,
        "stability": 0.5818181818181818
    },
    "Osteofito": {
        "count": 108,
        "unique": 2,
        "top": "NO",
        "freq": 90,
        "stability": 0.8333333333333334
    },
    "Genu varo": {
        "count": 94,
        "unique": 2,
        "top": "SI",
        "freq": 64,
        "stability": 0.6808510638297872
    },
    "Angulo 1": {
        "count": 61,
        "unique": 49,
        "top": "3",
        "freq": 4
    },
    "Genu valgo": {
        "count": 53,
        "unique": 2,
        "top": "NO",
        "freq": 36,
        "stability": 0.6792452830188679
    },
    "Angulo": {
        "count": 17.0,
        "mean": 6.441176470588236,
        "std": 2.6544441093026925,
        "min": 2.75,
        "25%": 5.0,
        "50%": 6.4,
        "75%": 6.86,
        "max": 13.0
    },
    "Kellgren": {
        "count": 108.0,
        "mean": 0.8981481481481481,
        "std": 0.696316272737311,
        "min": 0.0,
        "25%": 0.0,
        "50%": 1.0,
        "75%": 1.0,
        "max": 3.0
    },
    "Lateralidad 2": {
        "count": 139,
        "unique": 8,
        "top": "INTERNO",
        "freq": 66,
        "stability": 0.4748201438848921
    },
    "Tipo de Rotura": {
        "count": 137,
        "unique": 9,
        "top": "COMPLEJA",
        "freq": 48,
        "stability": 0.35036496350364965
    },
    "Zona Menisco": {
        "count": 135,
        "unique": 4,
        "top": "CUERNO POSTERIOR",
        "freq": 89,
        "stability": 0.6592592592592592
    },
    "Raiz Meniscal": {
        "count": 134,
        "unique": 2,
        "top": "NO",
        "freq": 103,
        "stability": 0.7686567164179104
    },
    "Extrusion": {
        "count": 127.0,
        "mean": 2.2407086614173224,
        "std": 1.8036225369289525,
        "min": 0.0,
        "25%": 0.0,
        "50%": 2.32,
        "75%": 3.525,
        "max": 6.54
    },
    "Edema Oseo": {
        "count": 126,
        "unique": 2,
        "top": "NO",
        "freq": 83,
        "stability": 0.6587301587301587
    },
    "Zona": {
        "count": 44,
        "unique": 5,
        "top": "CONDILO",
        "freq": 20,
        "stability": 0.45454545454545453
    },
    "tipo edema": {
        "count": 41,
        "unique": 5,
        "top": "EDGE",
        "freq": 25,
        "stability": 0.6097560975609756
    },
    "Condropatia": {
        "count": 137,
        "unique": 2,
        "top": "SI",
        "freq": 104,
        "stability": 0.7591240875912408
    },
    "Grado": {
        "count": 104.0,
        "mean": 2.769230769230769,
        "std": 0.821208784998447,
        "min": 1.0,
        "25%": 2.0,
        "50%": 3.0,
        "75%": 3.0,
        "max": 4.0
    },
    "Condropatia Femoropatelar": {
        "count": 141,
        "unique": 2,
        "top": "SI",
        "freq": 84,
        "stability": 0.5957446808510638
    },
    "LCA": {
        "count": 139,
        "unique": 2,
        "top": "NO",
        "freq": 134,
        "stability": 0.9640287769784173
    },
    "Quiste baker": {
        "count": 138,
        "unique": 2,
        "top": "NO",
        "freq": 95,
        "stability": 0.6884057971014492
    },
    "Quiste parameniscal": {
        "count": 138,
        "unique": 2,
        "top": "NO",
        "freq": 123,
        "stability": 0.8913043478260869
    },
    "lysholm score post": {
        "count": 142.0,
        "mean": 72.01408450704226,
        "std": 23.806246845570605,
        "min": 16.0,
        "25%": 55.0,
        "50%": 76.5,
        "75%": 95.0,
        "max": 100.0
    }
}